index,product_smiles,ground_truth_reactants,predicted_reactants_rag_cot_gptoss120b,exact_match_rag_cot_gptoss120b,core_exact_match_rag_cot_gptoss120b,valid_rag_cot_gptoss120b
0,c1ccc(-c2ccc(Oc3ccc(OC[C@H]4CCCN4)cc3)cc2)cc1,CC(C)(C)OC(=O)N1CCC[C@@H]1COc1ccc(Oc2ccc(-c3ccccc3)cc2)cc1,CC(C)(C)OC(=O)N1CCC[C@@H]1COc1ccc(Oc2ccc(-c3ccccc3)cc2)cc1,True,True,True
1,C#CCOC(=O)C(C)O,C#CCO.CC(O)C(=O)O,C#CCO.CC(O)C(=O)O,True,True,True
2,Cc1c(C2=NN(Cc3cccc(C(F)(F)F)c3)S(=O)(=O)c3ccccc32)c2cc(F)ccc2n1CC(=O)O,Cc1c(C2=NN(Cc3cccc(C(F)(F)F)c3)S(=O)(=O)c3ccccc32)c2cc(F)ccc2n1CC(=O)OC(C)(C)C,Cc1[nH]c2ccc(F)cc2c1C1=NN(Cc2cccc(C(F)(F)F)c2)S(=O)(=O)c2ccccc21.O=C(O)CBr,False,False,True
3,COc1cc(C#Cc2ccc(C(C)(C)C(=O)O)cc2)cc2c1C(N(C)C1CC1)CCC2(C)C,COC(=O)C(C)(C)c1ccc(C#Cc2cc(OC)c3c(c2)C(C)(C)CCC3N(C)C2CC2)cc1,C#Cc1ccc2c(c1OC)C(C)(C)CCC2N(C)C1CC1.CC(C)(C(=O)O)c1ccc(I)cc1,False,False,True
4,CCc1cccc(CC)c1-c1nc(C)c(C(=O)OC)c(OC)n1,COC(=O)c1c(C)nc(Cl)nc1OC.CCc1cccc(CC)c1B(O)O,CCc1cccc(CC)c1B(O)O.COC(=O)c1c(C)nc(Cl)nc1OC,True,True,True
5,CCNC(=O)Nc1sc2c(c1C(=O)N1CCC(N3CCCC4(C3)CC(C)(C)OC4=O)CC1)CCN(C(C)=O)C2,CC(=O)OC(C)=O.CCNC(=O)Nc1sc2c(c1C(=O)N1CCC(N3CCCC4(C3)CC(C)(C)OC4=O)CC1)CCNC2,CCNC(=O)Nc1sc2c(c1C(=O)O)CCN(C(C)=O)C2.CC1(C)CC2(CCCNC2)C(=O)O1,False,False,True
6,COC(=O)OC(C#Cc1cccc(C)n1)C1CCN(C(=O)OC(C)(C)C)CC1,COC(=O)Cl.Cc1cccc(C#CC(O)C2CCN(C(=O)OC(C)(C)C)CC2)n1,Cc1cccc(C#CCC2CCNCC2)n1.COC(=O)Cl.CC(C)(C)OC(=O)Cl,False,False,True
7,CC(C)(C)C(=O)OCOC(=O)CNc1cccc(C(NCc2ccc(-c3nccs3)cc2)S(=O)(=O)c2ccccn2)n1,CC(C)(C)C(=O)OCCl.O=C(O)CNc1cccc(C(NCc2ccc(-c3nccs3)cc2)S(=O)(=O)c2ccccn2)n1,CC(C)(C)OC(=O)Cl.O=C(CO)Nc1cccc(C(NCc2ccc(-c3nccs3)cc2)S(=O)(=O)c2ccccn2)n1,False,False,True
8,Cc1cc(Nc2cc3c(C)cccc3c(Oc3ccccc3)n2)n[nH]1,Cc1cc(Nc2cc3c(C)cccc3c(Cl)n2)n[nH]1.Oc1ccccc1,Cc1cc(Nc2cc3c(C)cccc3c(Cl)n2)n[nH]1.Oc1ccccc1,True,True,True
9,Cn1c(CC(=O)Nc2ccc(F)c(Cl)c2)nc(N2CCOC(CF)C2)cc1=O,Cn1c(CC(=O)O)nc(N2CCOC(CF)C2)cc1=O.Nc1ccc(F)c(Cl)c1,Cn1c(CC(=O)Cl)nc(N2CCOC(CF)C2)cc1=O.Nc1ccc(F)c(Cl)c1,False,False,True
10,O=C1C(=O)c2ccccc2C2=C1SCC1(CCN(C(=O)c3ccncc3)CC1)O2,O=C(Cl)c1ccncc1.O=C1C(=O)c2ccccc2C2=C1SCC1(CCNCC1)O2,CCN1CCC2(CC1)CSC1=C(O2)c2ccccc2C(=O)C1=O.O=C(Cl)c1ccncc1,False,False,True
11,O=C(O)c1cc(C2CC2)c(OCC2CCN(Cc3ccc(C4CC4)cc3Cl)CC2)cc1F,COC(=O)c1cc(C2CC2)c(OCC2CCN(Cc3ccc(C4CC4)cc3Cl)CC2)cc1F,O=C(O)c1cc(C2CC2)c(O)cc1F.Clc1cc(C2CC2)ccc1CN1CCC(CBr)CC1,False,False,True
12,COC(=O)CS(=O)(=O)c1cc(C)ccc1N,COC(=O)CS(=O)(=O)c1cc(C)ccc1[N+](=O)[O-],COC(=O)CS.Cc1ccc(N)c(S(=O)(=O)Cl)c1,False,False,True
13,O=C(C1CCc2cc(F)ccc21)N1CCC[C@H](c2nc(-c3ccc(F)cc3)no2)C1,O=C(O)C1CCc2cc(F)ccc21.Fc1ccc(-c2noc([C@H]3CCCNC3)n2)cc1,O=C(Cl)C1CCc2cc(F)ccc21.Fc1ccc(-c2noc([C@H]3CCCNC3)n2)cc1,False,False,True
14,CN(C)C1CCC(NCCO)CC1,CN(C)C1CCC(N(CCO)C(=O)OC(C)(C)C)CC1,CN(C)C.O=C1CCC(NCCO)CC1,False,False,True
15,CCSc1ncc(CO)n1C,CCI.Cn1c(CO)cnc1S,Cn1c(CO)cnc1S.CCI,True,True,True
16,CC(C)c1cccc(C(C)C)c1NC(=O)NS(=O)(=O)NC(c1ccccc1)c1ccccc1,CC(C)c1cccc(C(C)C)c1NC(=O)NS(=O)(=O)Cl.NC(c1ccccc1)c1ccccc1,O=S(=O)(Cl)C(c1ccccc1)c1ccccc1.CC(C)c1cccc(C(C)C)c1NC(N)=O,False,False,True
17,CC(=O)c1ccc(OCc2ccccc2)c2[nH]c(=O)ccc12,BrCc1ccccc1.CC(=O)c1ccc(O)c2[nH]c(=O)ccc12,BrCc1ccccc1.CC(=O)c1ccc(O)c2[nH]c(=O)ccc12,True,True,True
18,Cc1cccc(C(=O)NC2(C(=O)O)Cc3ccccc3C2)c1CC(C)C,CC(C)=Cc1c(C)cccc1C(=O)NC1(C(=O)O)Cc2ccccc2C1,Cc1cccc(C(=O)O)c1CC(C)C.NC1(C(=O)O)Cc2ccccc2C1,False,False,True
19,CCc1cnc(CCNC(=O)Nc2nc(C)c(-c3cc(C)nc(S(C)=O)n3)s2)o1,O=C(OO)c1cccc(Cl)c1.CCc1cnc(CCNC(=O)Nc2nc(C)c(-c3cc(C)nc(SC)n3)s2)o1,CCN=C=O.Cc1cc(-c2sc(N)nc2C)nc(S(C)=O)n1,False,False,True
20,CC(=O)NNc1ccc(C(C)C)cc1,CC(=O)O.CC(C)c1ccc(NN)cc1,CC(=O)NNc1ccc([N+](=O)[O-])cc1.[H][H],False,False,True
21,O=C(CCc1ccc2c(c1)OCO2)NC1Cc2cc(Cl)ccc2N(Cc2ccccc2)C1,O=C(O)CCc1ccc2c(c1)OCO2.NC1Cc2cc(Cl)ccc2N(Cc2ccccc2)C1,O=C(O)CCc1ccc2c(c1)OCO2.NC1Cc2cc(Cl)ccc2N(Cc2ccccc2)C1,True,True,True
22,CC(=O)c1ccc(OC(C)C)c(C)c1,CC(C)I.CC(=O)c1ccc(O)c(C)c1,CC(=O)c1ccc(O)c(C)c1.CC(C)Br,False,False,True
23,CSc1ncc(Br)c(CO)n1,COC(=O)c1nc(SC)ncc1Br,OCc1nc(I)ncc1Br.CS,False,False,True
24,CCOC(=O)c1ccc(=O)n(CCOC)c1,COCCBr.CCOC(=O)c1ccc(=O)[nH]c1,,False,False,False
25,CC(C)(C)OC(=O)NCCC1CCNCC1,CC(C)(C)OC(=O)NCCc1ccncc1,CCCNC(=O)OC(C)(C)C.C1CCNCC1,False,False,True
26,CCn1cc(-c2cnc(N)c(-c3ccc(C(=O)O)c(F)c3)n2)cn1,CCn1cc(-c2cnc(N)c(-c3ccc(C(=O)OC)c(F)c3)n2)cn1,CCn1cc(Br)cn1.Nc1ncc(OBO)nc1-c1ccc(C(=O)O)c(F)c1,False,False,True
27,Cc1ccc2c(c1)N(CC(=O)c1ccccc1C)C(=O)C(NC(=O)OC(C)(C)C)CN2C(=O)C1CCCCC1,Cc1ccccc1C(=O)CBr.Cc1ccc2c(c1)NC(=O)C(NC(=O)OC(C)(C)C)CN2C(=O)C1CCCCC1,Cc1ccc2c(c1)NC(=O)C(NC(=O)OC(C)(C)C)CN2C(=O)C1CCCCC1.Cc1ccc(CC(=O)Cl)cc1,False,False,True
28,CC(C)(C)[Si](C)(C)OC1CCOc2c(C=O)cccc21,CN(C)C=O.CC(C)(C)[Si](C)(C)OC1CCOc2ccccc21,O=Cc1cccc2c1OCCC2O.CC(C)(C)[Si](C)(C)Cl,False,False,True
29,CCCC(C(=O)OC)c1c(C)nc(N2CCCCC2)nc1-c1ccc(OC)cc1F,CCCC(C(=O)OC)c1c(C)nc(N2CCCCC2)nc1Cl.COc1ccc(B(O)O)c(F)c1,C1CCNCC1.CCCC(C(=O)OC)c1c(C)nc(Cl)nc1-c1ccc(OC)cc1F,False,False,True
30,CS(=O)(=O)c1ccc(Cl)c(N)c1,CS(=O)(=O)c1ccc(Cl)c([N+](=O)[O-])c1,CS(=O)(=O)c1ccc(Cl)c([N+](=O)[O-])c1.[H][H],False,True,True
31,CCc1nc2c(N[C@@H]3CC[C@@H](N4CCOCC4)CC3)nc(Nc3cnn(C4CCOCC4)c3)nc2s1,CCc1nc2c(N[C@@H]3CC[C@@H](N4CCOCC4)CC3)nc(Cl)nc2s1.Nc1cnn(C2CCOCC2)c1,CCc1nc2c(Cl)nc(Cl)nc2s1.N[C@H]1CC[C@H](N2CCOCC2)CC1.Nc1cnn(C2CCOCC2)c1,False,False,True
32,O=C(O)C[C@@H]1COc2cc(O)ccc21,O=C(O)Cc1coc2cc(O)ccc12,COC(=O)C[C@@H]1COc2cc(O)ccc21,False,False,True
33,Cc1cc(F)ccc1-c1nncc2cc(Sc3cccc(F)c3)ccc12,Cc1cc(F)ccc1-c1nncc2cc(Cl)ccc12.Fc1cccc(S)c1,Cc1ccc(F)cc1-n1c(Br)nc2cc(Br)ccc21.Fc1ccc(S)cc1,False,False,True
34,Cc1nn(-c2ccc(Cl)nn2)c(C)c1N,Cc1nn(-c2ccc(Cl)nn2)c(C)c1N1C(=O)c2ccccc2C1=O,Cc1nn(-c2ccc(Cl)nn2)c(C)c1N1C(=O)c2ccccc2C1=O.NN,False,True,True
35,C(=N\C(c1ccccc1)c1ccccc1)/c1ccc2ccc(-c3ccccc3)nc2c1,O=Cc1ccc2ccc(-c3ccccc3)nc2c1.NC(c1ccccc1)c1ccccc1,O=Cc1ccc2ccc(-c3ccccc3)nc2c1.NC(c1ccccc1)c1ccccc1,True,True,True
36,COc1ccc([C@](C)(N)C(=O)O)cc1,COc1ccc([C@](C)(NC(C)=O)C(=O)O)cc1,COc1ccc([C@]2(C)NC(=O)NC2=O)cc1.N.O,False,False,True
37,COc1ccc(C(C)=CC#N)cc1,CCOP(=O)(CC#N)OCC.COc1ccc(C(C)=O)cc1,,False,False,False
38,CC(O)c1ncnc(Cl)c1I,CC(=O)OC(C)c1ncnc(Cl)c1I,CC(=O)c1ncnc(Cl)c1I.[Na+].[BH4-],False,False,True
39,COc1ccc(C[C@H](NC(=O)[C@@H](N)Cc2ccc(OC)cc2)C(=O)N[C@H]2[C@@H](O)[C@H](n3cnc4c(N)ncnc43)O[C@@H]2C(=O)O)cc1,COc1ccc(C[C@H](NC(=O)OC(C)(C)C)C(=O)N[C@@H](Cc2ccc(OC)cc2)C(=O)N[C@H]2[C@@H](O)[C@H](n3cnc4c(N)ncnc43)O[C@@H]2C(=O)O)cc1,COc1ccc(C[C@H](NC(=O)[C@@H](N)Cc2ccc(OC)cc2)C(=O)O)cc1.Nc1ncnc2c1ncn2[C@@H]1O[C@H](C(=O)O)[C@@H](N)[C@H]1O,False,False,True
40,CCCCCCCOc1ccc(Cc2nc3cc(CN(CC(=O)OC(C)(C)C)C(=O)c4ccc(NC(=O)Cc5ccc(OC)cc5)cc4)ccc3[nH]2)cc1,COc1ccc(CC(=O)Nc2ccc(C(=O)O)cc2)cc1.CCCCCCCOc1ccc(Cc2nc3cc(CNCC(=O)OC(C)(C)C)ccc3[nH]2)cc1,COc1ccc(CC(=O)Nc2ccc(C(=O)O)cc2)cc1.CN(CCc1nc2ccccc2[nH]1)CC(=O)OC(C)(C)C,False,False,True
41,Clc1ccc(-c2cc(Cn3ccnc3)no2)s1,Clc1ccc(-c2cc(CBr)no2)s1.c1c[nH]cn1,,False,False,False
42,CC1NC2=NCCN2C1c1ccccc1,CC(NC1=NCCN1)C(O)c1ccccc1,O=CCc1ccccc1.CNCCCN,False,False,True
43,NC1CCN(c2cc3c(cc2F)c(=O)c(C(=O)O)cn3-c2ccncc2F)C1,CC(=O)NC1CCN(c2cc3c(cc2F)c(=O)c(C(=O)O)cn3-c2ccncc2F)C1,CC(=O)NC1CCN(c2cc3c(cc2F)c(=O)c(C(=O)O)cn3-c2ccncc2F)C1,True,True,True
44,O=C(O)CN1CCC(n2c(=O)[nH]c3ccccc32)CC1,CCOC(=O)CN1CCC(n2c(=O)[nH]c3ccccc32)CC1,CCOC(=O)CN1CCC(n2c(=O)[nH]c3ccccc32)CC1.[Na+].[OH-],False,True,True
45,C=C[C@@H](C)C[C@H]1O[C@@H]1[C@H](C)[C@@H](O)CC,C=C[C@@H](C)C[C@H]1O[C@@H]1[C@H](C)[C@H](CC)O[Si](C)(C)C(C)(C)C,C=C[C@@H](C)C[C@H]1C=C1[C@H](C)[C@@H](O)CC,False,False,True
46,CC(Br)C(=O)c1cc2cc(F)ccc2s1,CC(Br)C(=O)Cl.Fc1ccc2sccc2c1,CC(Br)C(=O)Cl.Fc1ccc2sccc2c1,True,True,True
47,Nc1ccc2c(c1)OCC2,O=[N+]([O-])c1ccc2c(c1)OCC2,O=[N+]([O-])c1ccc2c(c1)OCC2,True,True,True
48,CC(C)(C)c1ccc(NC(=O)c2cccnc2SC(NC(=O)CN2CCOCC2)c2ccncc2)cc1,CC(C)(C)c1ccc(NC(=O)c2cccnc2SC(NC(=O)CCl)c2ccncc2)cc1.C1COCCN1,CC(C)(C)c1ccc(N)cc1.O=Cc1cccnc1SC(NC(=O)CN1CCOCC1)c1ccncc1,False,False,True
49,Cc1cncc(-c2cccc(C(=O)CC(=O)Nc3cc(C)c(Cl)cc3NC(=O)OC(C)(C)C)c2)n1,Cc1cncc(-c2cccc(C(=O)CC(=O)OC(C)(C)C)c2)n1.Cc1cc(N)c(NC(=O)OC(C)(C)C)cc1Cl,Cc1cncc(-c2cccc(C(=O)CC(=O)O)c2)n1.Cc1cc(N)c(NC(=O)OC(C)(C)C)cc1Cl,False,False,True
50,O=C1OC(=O)C23CCCC12C1C=CC3C1,C1=CCC=C1.O=C1OC(=O)C2=C1CCC2,O=C1C=CC(=O)O1.C1=CCC=C1,False,False,True
51,CCOC(=O)c1ccc(-c2ccc(OCCO)cc2)cc1,CCOC(=O)COc1ccc(-c2ccc(C(=O)OCC)cc2)cc1,CCOC(=O)c1ccc(Br)cc1.OCCOc1ccc(B(O)O)cc1,False,False,True
52,Cc1nn(CCN)c(C)c1Oc1ccc(Cl)cc1,NCCCl.Cc1n[nH]c(C)c1Oc1ccc(Cl)cc1,Oc1ccc(Cl)cc1.Cc1nn(CCN)c(C)c1Cl,False,False,True
53,NC(=O)c1[nH]c2ccccc2c1-c1ccc(NS(=O)(=O)c2cc(C(F)(F)F)ccc2F)cc1,O=S(=O)(Cl)c1cc(C(F)(F)F)ccc1F.NC(=O)c1[nH]c2ccccc2c1-c1ccc(N)cc1,NC(=O)c1[nH]c2ccccc2c1Br.O=S(=O)(Nc1ccc(OBO)cc1)c1cc(C(F)(F)F)ccc1F,False,False,True
54,C[C@@H](c1ccc(-c2ccnc(N3CCOCC3)n2)cc1)N1CC[C@](CC(C)(C)O)(c2ccccc2)OC1=O,Brc1ccnc(N2CCOCC2)n1.C[C@@H](c1ccc(B2OC(C)(C)C(C)(C)O2)cc1)N1CC[C@](CC(C)(C)O)(c2ccccc2)OC1=O,C[C@@H](c1ccc(B(O)OC(C)(C)C(C)(C)O)cc1)N1CC[C@](CC(C)(C)O)(c2ccccc2)OC1=O.Brc1ccnc(N2CCOCC2)n1,False,False,True
55,COC[C@@H]1CN(CCN2CCN(C(=O)c3cc(C(F)(F)F)cc(C(F)(F)F)c3)[C@H](Cc3ccc(C)c(NCN4C(=O)CCC4O)c3)C2)CCO1,COC[C@@H]1CN(CCN2CCN(C(=O)c3cc(C(F)(F)F)cc(C(F)(F)F)c3)[C@H](Cc3ccc(C)c(NCN4C(=O)CCC4=O)c3)C2)CCO1,COC[C@@H]1CN(CCN2CCN[C@H](Cc3ccc(C)c(NCN4C(=O)CCC4O)c3)C2)CCO1.O=C(O)c1cc(C(F)(F)F)cc(C(F)(F)F)c1,False,False,True
56,CC(CNc1ccc2c(c1)OCO2)N1CCN(c2ccccn2)CC1,CC(C(=O)Nc1ccc2c(c1)OCO2)N1CCN(c2ccccn2)CC1,CCN1CCN(c2ccccn2)CC1.BrCc1cccc2c1OCO2,False,False,True
57,O=C(O)c1cc(-c2csc(NC(=O)N(CCC(c3ccccc3)c3ccccc3)CCN3CCOCC3)n2)on1,CCOC(=O)c1cc(-c2csc(NC(=O)N(CCC(c3ccccc3)c3ccccc3)CCN3CCOCC3)n2)on1,O=C(O)c1cc(-c2cscn2)on1.c1ccc(C(CCNCCN2CCOCC2)c2ccccc2)cc1.N=C=O,False,False,True
58,Cc1cncc(-c2ccc3c(n2)N(C(=O)Nc2cnccn2)[C@H]2CCN3C2)c1,O=C(Nc1cnccn1)N1c2nc(Cl)ccc2N2CC[C@H]1C2.Cc1cncc(B(O)O)c1,Cc1cncc(-c2ccc3c(n2)N[C@H]2CCN3C2)c1.c1cnccn1,False,False,True
59,Cc1ccc(-c2ccnc(Cl)c2)n1CC(=O)OCc1ccccc1,CC(=O)CCC(=O)c1ccnc(Cl)c1.NCC(=O)OCc1ccccc1,,False,False,False
60,CC(C)(C)OC(=O)c1cc(OC(C)(C)C)c(C(=O)O)s1,CCOC(=O)c1sc(C(=O)OC(C)(C)C)cc1OC(C)(C)C,CC(C)(C)OC(=O)c1cc(O)c(C(=O)O)s1.CC(C)(C)Br,False,False,True
61,Cc1nnc(-c2ccc3occ(-c4ccc(C(=O)N5CCCC5)c(F)c4)c3c2)o1,Cc1nnc(-c2ccc3occ(-c4ccc(C(=O)O)c(F)c4)c3c2)o1.C1CCNC1,NNC(=O)c1ccc2occ(-c3ccc(C(=O)N4CCCC4)c(F)c3)c2c1.COC(=O)OC,False,False,True
62,CC(C)c1ccc(Br)cc1,C=C(C)c1ccc(Br)cc1,C=C(C)c1ccc(Br)cc1.[H][H],False,True,True
63,CC(C)(C)c1ccc(S(=O)(=O)Nc2ccc(Cl)cc2C(=O)O)cc1,CC(C)(C)c1ccc(S(=O)(=O)Cl)cc1.Nc1ccc(Cl)cc1C(=O)O,CC(C)(C)c1ccc(S(=O)(=O)Cl)cc1.Nc1ccc(Cl)cc1C(=O)O,True,True,True
64,CN1CCN(C(=O)OC2c3ccccc3C(=O)N2c2ccc3ncccc3n2)CC1,CN1CCN(C(=O)Cl)CC1.O=C1c2ccccc2C(O)N1c1ccc2ncccc2n1,CN1CCN(C(=O)Cl)CC1.O=C1c2ccccc2C(O)N1c1ccc2ncccc2n1,True,True,True
65,O=C(OCc1cc2ccccc2o1)Oc1ccc([N+](=O)[O-])cc1,O=C(Cl)Oc1ccc([N+](=O)[O-])cc1.OCc1cc2ccccc2o1,O=C(Cl)Oc1ccc([N+](=O)[O-])cc1.OCc1cc2ccccc2o1,True,True,True
66,COc1ccc(Cn2c(=O)c3c(Nc4cccc(C(=O)N5CCC(O)C5)c4)c(C)c(=O)n(C)c3n(-c3ccc(I)cc3F)c2=O)cc1,COc1ccc(Cn2c(=O)c3c(Nc4cccc(C(=O)O)c4)c(C)c(=O)n(C)c3n(-c3ccc(I)cc3F)c2=O)cc1.OC1CCNC1,Cc1c(Nc2cccc(C(=O)N3CCC(O)C3)c2)c2c(=O)[nH]c(=O)n(-c3ccc(I)cc3F)c2n(C)c1=O.COc1ccc(CCl)cc1,False,False,True
67,CC(C)Oc1ccc(S(C)(=O)=O)cc1C(=O)N1CCC(Oc2ccc([N+](=O)[O-])cc2)CC1,CC(C)Oc1ccc(S(C)(=O)=O)cc1C(=O)N1CCC(O)CC1.O=[N+]([O-])c1ccc(O)cc1,CC(C)Oc1ccc(S(C)(=O)=O)cc1C(=O)O.O=[N+]([O-])c1ccc(OC2CCNCC2)cc1,False,False,True
68,Cc1ncc(-c2ncnc(Nc3ccc(C(=O)Nc4ccccc4N)cc3)n2)n1C(C)C,Cc1ncc(-c2ncnc(Nc3ccc(C(=O)O)cc3)n2)n1C(C)C.Nc1ccccc1N,Cc1ncc(-c2ncnc(Nc3ccc(C(=O)Cl)cc3)n2)n1C(C)C.Nc1ccc(N)cc1,False,False,True
69,Cc1cn(CCc2ccccc2N)cn1,Cc1cn(CCc2ccccc2NC(=O)OC(C)(C)C)cn1,Cc1cnc(Cl)cn1.NCCc1ccccc1,False,False,True
70,CCCc1c(OCCCC(=O)OCC)ccc(C(C)=O)c1OCCOCCOCCOCCBr,BrCCOCCOCCOCCBr.CCCc1c(OCCCC(=O)OCC)ccc(C(C)=O)c1O,CCCc1c(OCCCC(=O)OCC)ccc(C(C)=O)c1O.BrCCOCCOCCOCCBr,True,True,True
71,Cc1cnc(N2CCN(C(=O)c3cnc(N4CCN(C)C4=O)cn3)CC2)c(C)c1,Cc1cnc(N2CCN(C(=O)c3cnc(Br)cn3)CC2)c(C)c1.CN1CCNC1=O,CN1CCN(c2cnc(C(=O)O)cn2)C1=O.C1CNCCN1,False,False,True
72,CCNc1ccc(N)cc1C(=O)Nc1c(C)cc(C(F)(C(F)(F)F)C(F)(F)F)cc1C,CCNc1ccc([N+](=O)[O-])cc1C(=O)Nc1c(C)cc(C(F)(C(F)(F)F)C(F)(F)F)cc1C,CCNc1ccc(N)cc1.Cc1cc(C(=O)O)cc(C(F)(C(F)(F)F)C(F)(F)F)c1,False,False,True
73,C1=CCN(c2cccc(Cc3ccccc3)c2)C1,Brc1cccc(N2CC=CC2)c1.[Mg+][CH2]c1ccccc1,C1=CCNCC1.Brc1ccc(Cc2ccccc2)cc1,False,False,True
74,C=C(C)COc1ccc(C=O)cc1OC,C=C(C)CCl.COc1cc(C=O)ccc1O,COc1cc(C=O)ccc1O.C=C(C)CBr,False,False,True
75,CC(=O)N[C@H](C)c1ccccn1,CC(=O)N[C@H](C)c1ccc(F)cn1,CC(=O)O.C[C@@H](N)c1ccccn1,False,False,True
76,N#Cc1cnc2c(c1Nc1ccc(Cl)cc1Br)C=C1N=CN=C1C2,N#Cc1cnc2c(c1Cl)C=C1N=CN=C1C2.Nc1ccc(Cl)cc1Br,N#Cc1cnc2c(c1N)C=C1N=CN=C1C2.Clc1ccc(Br)cc1,False,False,True
77,O=C(O)CCCc1ccc(C2CCCCC2)cc1,O=C(O)CCC(=O)c1ccc(C2CCCCC2)cc1,O=C(O)CCCc1ccc(Br)cc1.OB(O)C1CCCCC1,False,False,True
78,CC(C)CN(C(=O)c1nnn(-c2ccccc2)c1CO)[C@H]1C[C@@H](C(=O)N2CCOCC2)CN(C(=O)OC(C)(C)C)C1,CC(C)CN(C(=O)c1nnn(-c2ccccc2)c1CO)[C@H]1C[C@@H](C(=O)O)CN(C(=O)OC(C)(C)C)C1.C1COCCN1,O=C(O)c1nnn(-c2ccccc2)c1CO.CC(C)CN[C@H]1C[C@@H](C(=O)N2CCOCC2)CN(C(=O)OC(C)(C)C)C1,False,False,True
79,Cc1cc(-c2ccc(F)c(F)c2)c2c(c1)cc1n2CCNC1=O,Cc1cc(Br)c2c(c1)cc1n2CCNC1=O.OB(O)c1ccc(F)c(F)c1,Cc1cc(Br)c2c(c1)cc1n2CCNC1=O.OBOc1ccc(F)c(F)c1,False,False,True
80,Cc1cc(Br)c(C)c2c1SCCC2O,Cc1cc(Br)c(C)c2c1SCCC2=O,Cc1cc(Br)c(C)c2c1SCCC2=O.[BH4-].[Na+],False,True,True
81,COC(=O)c1nc(C)sc1-c1ccc(C)c(F)c1F,COC(=O)C(=O)C(Cl)c1ccc(C)c(F)c1F.CC(N)=S,CO.Cc1nc(C(=O)O)c(-c2ccc(C)c(F)c2F)s1,False,False,True
82,CC(C)(C)OC(=O)c1nc(N2CCc3cccc(C(=O)Nc4nc5ccccc5s4)c3C2)ccc1CCCOc1ccnc(Cl)c1,CC(C)(C)OC(=O)c1nc(N2CCc3cccc(C(=O)Nc4nc5ccccc5s4)c3C2)ccc1CCCI.Oc1ccnc(Cl)c1,,False,False,False
83,C[C@H]1C[C@H](N2CCCC2)CCN1,C[C@H]1C[C@H](N2CCCC2)CCN1C(=O)OC(C)(C)C,C[C@H]1C[C@H](Cl)CCN1.C1CCNC1,False,False,True
84,O=C1Nc2ccccc2C1=Cc1cccs1,O=Cc1cccs1.O=C1Cc2ccccc2N1,O=C1Cc2ccccc2N1.O=Cc1cccs1,True,True,True
85,O=[N+]([O-])c1ccc(-c2ccc(Cn3cc4nc(-c5cccc(F)c5F)nc-4cn3)cn2)c(C(F)(F)F)c1,O=[N+]([O-])c1ccc(-c2ccc(CBr)cn2)c(C(F)(F)F)c1.Fc1cccc(-c2nc3cn[nH]cc-3n2)c1F,O=[N+]([O-])c1ccc(Br)c(C(F)(F)F)c1.OBOc1ccc(Cn2cc3nc(-c4cccc(F)c4F)nc-3cn2)cn1,False,False,True
86,CCCS(=O)(=O)Nc1ccc(F)c(C(=O)Nc2cnc3c(c2)cc(C#CCN(C)C)n3S(=O)(=O)c2ccccc2)c1F,CCCS(=O)(=O)Nc1ccc(F)c(C(=O)Nc2cnc3c(c2)cc(I)n3S(=O)(=O)c2ccccc2)c1F.C#CCN(C)C,CCCS(=O)(=O)Nc1ccc(F)c(C(=O)O)c1F.CN(C)CC#Cc1cc2cc(N)cnc2n1S(=O)(=O)c1ccccc1,False,False,True
87,Nc1nc(Nc2ccc(Oc3ccnc4[nH]ccc34)c(F)c2)cc(C2CCCN(C(=O)OCc3ccccc3)C2)n1,Nc1nc(Cl)cc(C2CCCN(C(=O)OCc3ccccc3)C2)n1.Nc1ccc(Oc2ccnc3[nH]ccc23)c(F)c1,Nc1nc(Cl)cc(Nc2ccc(Oc3ccnc4[nH]ccc34)c(F)c2)n1.O=C(OCc1ccccc1)N1CCCC(B(O)O)C1,False,False,True
88,CSCc1cccc(N2CCN(c3cc4nc5c(cc4cc3F)c(=O)c(C(=O)O)cn5C)CC2)c1,Cn1cc(C(=O)O)c(=O)c2cc3cc(F)c(F)cc3nc21.CSCc1cccc(N2CCNCC2)c1,CSCc1ccc(Cl)cc1.Cn1cc(C(=O)O)c(=O)c2cc3cc(F)c(N4CCNCC4)cc3nc21,False,False,True
89,N=C(N)NN=C(C=Cc1ccc2ccccc2c1)C=Cc1ccc2ccccc2c1,O=C(C=Cc1ccc2ccccc2c1)C=Cc1ccc2ccccc2c1.N=C(N)NN,N=C(N)NN.O=C(C=Cc1ccc2ccccc2c1)C=Cc1ccc2ccccc2c1,True,True,True
90,COC(=O)c1ncc2c(cc(CCc3ccccc3)c(=O)n2Cc2ccccc2)c1O,COC(=O)c1ncc2c(cc(C#Cc3ccccc3)c(=O)n2Cc2ccccc2)c1O,COC(=O)c1ncc2c(cc(C#Cc3ccccc3)c(=O)n2Cc2ccccc2)c1O,True,True,True
91,COc1ccc(Cl)cc1C(=O)NCCc1ccc(-c2ccc(OC(C)(C)CO)cc2)cc1,CCOC(=O)C(C)(C)Oc1ccc(-c2ccc(CCNC(=O)c3cc(Cl)ccc3OC)cc2)cc1,COc1ccc(Cl)cc1C(=O)O.CC(C)(CO)Oc1ccc(-c2ccc(CCN)cc2)cc1,False,False,True
92,CC(C)OC(=O)N1CCC(n2ncc(COc3ccc(-n4cnnn4)nc3)n2)CC1,CC(C)OC(=O)Cl.c1cc(-n2cnnn2)ncc1OCc1cnn(C2CCNCC2)n1,CC(C)OC(=O)Cl.BrCc1cnn(C2CCNCC2)n1.c1ccc(-n2cnnn2)nc1,False,False,True
93,C#Cc1cccc(Nc2ncnc3cc(OC)c(O)cc23)c1,C#Cc1cccc(Nc2ncnc3cc(OC)c(OC(C)=O)cc23)c1,C#Cc1cccc(N)c1.COc1cc2ncnc(Cl)c2cc1O,False,False,True
94,CC(C)(C)OC(=O)N1C[C@@H](O)C(I)=C[C@H]1CO[Si](C)(C)C(C)(C)C,CC(C)(C)OC(=O)N1CC(=O)C(I)=C[C@H]1CO[Si](C)(C)C(C)(C)C,CC(C)(C)OC(=O)N1C[C@@H](O)C=C[C@H]1CO[Si](C)(C)C(C)(C)C.II,False,False,True
95,Cc1cc(SCc2sc(-c3ccc(C(F)(F)F)cc3F)nc2C)ccc1O,Cc1cc(SCc2sc(-c3ccc(C(F)(F)F)cc3F)nc2C)ccc1O[Si](C)(C)C(C)(C)C,Cc1cc(S)ccc1O.Cc1nc(-c2ccc(C(F)(F)F)cc2F)sc1CBr,False,False,True
96,CC(C)(C)OC(=O)N[C@@H]1CCN(C(=O)OCc2ccccc2)C[C@H]1O,CC(C)(C)OC(=O)OC(=O)OC(C)(C)C.N[C@@H]1CCN(C(=O)OCc2ccccc2)C[C@H]1O,CC(C)(C)OC(=O)N[C@@H]1CCNCC[C@H]1O.O=C(Cl)OCc1ccccc1,False,False,True
97,CCC(=O)N(c1ccccc1)C1CCCN(Cc2ccccc2)C1,CCC(=O)Cl.c1ccc(CN2CCCC(Nc3ccccc3)C2)cc1,CCC(=O)Cl.c1ccc(CN2CCCC(Nc3ccccc3)C2)cc1,True,True,True
98,C=CCN1c2ccc3nc(OC(C)C)cc(C(F)(F)F)c3c2OC[C@H]1CC,C=CCBr.CC[C@@H]1COc2c(ccc3nc(OC(C)C)cc(C(F)(F)F)c23)N1,C=CCN1c2ccc3nc(O)cc(C(F)(F)F)c3c2OC[C@H]1CC.CC(C)Br,False,False,True
99,COc1nc2cc(Cl)ccc2nc1N1CCN(C)CC1,COc1nc2cc(Cl)ccc2nc1Cl.CN1CCNCC1,COc1nc2cc(Cl)ccc2nc1Cl.CN1CCNCC1,True,True,True
