index,product_smiles,ground_truth_reactants,predicted_reactants_qwen25_7b_lora_peft,exact_match_qwen25_7b_lora_peft,core_exact_match_qwen25_7b_lora_peft,valid_qwen25_7b_lora_peft
0,N#Cc1cccc(NC(=O)Nc2ccc([C@@H]3CNCCO3)cc2F)c1,CC(C)(C)OC(=O)N1CCO[C@H](c2ccc(NC(=O)Nc3cccc(C#N)c3)c(F)c2)C1,CC(C)(C)OC(=O)N1CCOC[C@H]1c1ccc(NC(=O)Nc2cccc(C#N)c2)c(F)c1,False,False,True
1,CCC(Cl)C(=O)N[C@@H](CO)c1cc(F)cc(F)c1,CCC(Cl)C(=O)Cl.N[C@@H](CO)c1cc(F)cc(F)c1,CCC(Cl)C(=O)Cl.N[C@@H](CO)c1cc(F)cc(F)c1,True,True,True
2,CC(C)Cc1cc(C(=O)N2CCN(CC(C)C)CC2)ccc1OCc1ccc(Cl)cc1,Clc1ccc(CBr)cc1.CC(C)Cc1cc(C(=O)N2CCN(CC(C)C)CC2)ccc1O,CC(C)Cc1cc(C(=O)O)ccc1OCc1ccc(Cl)cc1.CC(C)CN1CCNCC1,False,False,True
3,CC(C)c1noc(C=C2CCN(C(=O)OC(C)(C)C)CC2)n1,CCOP(=O)(Cc1nc(C(C)C)no1)OCC.CC(C)(C)OC(=O)N1CCC(=O)CC1,CC(C)(C)OC(=O)N1CCC(=O)CC1.CC(C)c1noc(C[P+](c2ccccc2)(c2ccccc2)c2ccccc2)n1,False,False,True
4,Nc1cccc(C2=NOC(c3c(Cl)cccc3Cl)C2)c1,O=[N+]([O-])c1cccc(C2=NOC(c3c(Cl)cccc3Cl)C2)c1,O=[N+]([O-])c1cccc(C2=NOC(c3c(Cl)cccc3Cl)C2)c1,True,True,True
5,CC(C)C[C@H](NC(=O)c1cc2ccccc2s1)C(=O)NC[C@@H]1CCCN(S(=O)(=O)c2ccccc2C#N)C1,N#Cc1ccccc1S(=O)(=O)Cl.CC(C)C[C@H](NC(=O)c1cc2ccccc2s1)C(=O)NCC1CCCNC1,N#Cc1ccccc1S(=O)(=O)Cl.CC(C)C[C@H](NC(=O)c1cc2ccccc2s1)C(=O)NC[C@@H]1CCCNC1,False,False,True
6,O=C(c1ccnc(-c2cccs2)c1)N1CCOCC1,O=C(c1ccnc(Br)c1)N1CCOCC1.CCC[CH2][Sn]([CH2]CCC)([CH2]CCC)[c]1cccs1,O=C(O)c1ccnc(-c2cccs2)c1.C1COCCN1,False,False,True
7,CC(C)(C)c1nc2c(C(=O)O)cc(-c3ccccc3)c(N)c2o1,CC(C)(C)c1nc2c(C(=O)O)cc(-c3ccccc3)c([N+](=O)[O-])c2o1,COC(=O)c1cc(-c2ccccc2)c(N)c2oc(C(C)(C)C)nc12,False,False,True
8,CN(C)c1ccc2c(=O)n(-c3cccc(Br)c3)ccc2c1,Brc1cccc(Br)c1.CN(C)c1ccc2c(=O)[nH]ccc2c1,Brc1cccc(Br)c1.CN(C)c1ccc2c(=O)[nH]ccc2c1,True,True,True
9,CC(C)(C)OC(=O)N(Cc1ccc(C(F)(F)F)cc1)n1cccc1,FC(F)(F)c1ccc(CCl)cc1.CC(C)(C)OC(=O)Nn1cccc1,CC(C)(C)OC(=O)OC(=O)OC(C)(C)C.FC(F)(F)c1ccc(CNn2cccc2)cc1,False,False,True
10,NCc1cc(O)cc(Cl)c1,COc1cc(Cl)cc(CN)c1,N#Cc1cc(O)cc(Cl)c1,False,False,True
11,COC(=O)c1cccc(C=NO)c1,COC(=O)c1cccc(C=O)c1.NO,COC(=O)c1cccc(C=O)c1.NO,True,True,True
12,Cn1cnc2c(C#N)nc(-c3ccc(OCCO)c(C(F)(F)F)c3)cc21,Cn1cnc2c(C#N)nc(Cl)cc21.OCCOc1ccc(B(O)O)cc1C(F)(F)F,Cn1cnc2c(C#N)nc(-c3ccc(OCCOC4CCCCO4)c(C(F)(F)F)c3)cc21,False,False,True
13,COC(=O)c1cc(Br)ccc1NC(=O)COc1cccc(-c2ccoc2)c1,O=C(O)COc1cccc(-c2ccoc2)c1.COC(=O)c1cc(Br)ccc1N,O=C(O)COc1cccc(-c2ccoc2)c1.COC(=O)c1cc(Br)ccc1N,True,True,True
14,CCOC(=O)c1cc(Oc2ccc(S(C)(=O)=O)cc2)c2cc(CBr)oc2c1,O=C1CCC(=O)N1Br.CCOC(=O)c1cc(Oc2ccc(S(C)(=O)=O)cc2)c2cc(C)oc2c1,O=C1CCC(=O)N1Br.CCOC(=O)c1cc(Oc2ccc(S(C)(=O)=O)cc2)c2cc(C)oc2c1,True,True,True
15,Clc1ccc(-c2cnc(NCc3ccncc3)nc2NC2CCN(Cc3ccccc3)CC2)cc1,Brc1cnc(NCc2ccncc2)nc1NC1CCN(Cc2ccccc2)CC1.OB(O)c1ccc(Cl)cc1,O=Cc1ccncc1.Nc1ncc(-c2ccc(Cl)cc2)c(NC2CCN(Cc3ccccc3)CC2)n1,False,False,True
16,Cc1cccc(NC(=O)c2cccc(N)c2)c1C,Cc1cccc(NC(=O)c2cccc([N+](=O)[O-])c2)c1C,Cc1cccc(NC(=O)c2cccc([N+](=O)[O-])c2)c1C,True,True,True
17,CC(O)c1oc(=O)c2ccccc2c1-c1ccccn1,CC(O[Si](C)(C)C(C)(C)C)c1oc(=O)c2ccccc2c1-c1ccccn1,CC(=O)c1oc(=O)c2ccccc2c1-c1ccccn1.[CH3][Mg+],False,False,True
18,COC=C1CCC(C(=O)OC)CC1,COC(=O)C1CCC(=O)CC1.COC[P+](c1ccccc1)(c1ccccc1)c1ccccc1,COC(=O)C1CCC(=O)CC1.COC[P+](c1ccccc1)(c1ccccc1)c1ccccc1,True,True,True
19,O=Cc1c(OC(F)F)ccc(F)c1Cl,COC(OC)c1c(OC(F)F)ccc(F)c1Cl,Fc1ccc(OC(F)F)c(Br)c1Cl.CN(C)C=O,False,False,True
20,O=C(Cc1cnccn1)N[C@@H](COCc1ccccc1)C(=O)Nc1ccc(Oc2ccc(F)cc2)cc1,O=C(O)Cc1cnccn1.N[C@@H](COCc1ccccc1)C(=O)Nc1ccc(Oc2ccc(F)cc2)cc1,O=C(O)Cc1cnccn1.N[C@@H](COCc1ccccc1)C(=O)Nc1ccc(Oc2ccc(F)cc2)cc1,True,True,True
21,COC(=O)c1ccc(Cl)c2nc3n(c12)CCCCN3c1ncc(Cl)cc1Cl,COC(=O)c1ccc(Cl)c2nc(Nc3ncc(Cl)cc3Cl)n(CCCCO)c12,Clc1cnc(Cl)c(Cl)c1.COC(=O)c1ccc(Cl)c2nc3[nH]c4c(n3c12)CCCCN4,False,False,True
22,N#Cc1cc([N+](=O)[O-])ccc1N1CCOCC1,N#Cc1cc([N+](=O)[O-])ccc1F.C1COCCN1,N#Cc1cc([N+](=O)[O-])ccc1F.C1COCCN1,True,True,True
23,CC(=O)OC[C@H]1CN(c2cccc(F)c2)C(=O)O1,CC(=O)OC[C@H]1CN(c2ccc(I)c(F)c2)C(=O)O1,,False,False,False
24,FC(F)(F)c1cccc(CN(CCCBr)CC(c2ccccc2)c2ccccc2)c1Cl,BrCCCBr.FC(F)(F)c1cccc(CNCC(c2ccccc2)c2ccccc2)c1Cl,BrCCCBr.NCc1cccc(C(F)(F)F)c1Cl,False,False,True
25,COc1ccc(-n2nc(C)cc2C(=O)O)cc1,CCOC(=O)c1cc(C)nn1-c1ccc(OC)cc1,CCOC(=O)c1cc(C)nn1-c1ccc(OC)cc1,True,True,True
26,N#Cc1cc(Br)ccc1OCc1ccccc1,BrCc1ccccc1.N#Cc1cc(Br)ccc1O,BrCc1ccccc1.N#Cc1cc(Br)ccc1O,True,True,True
27,CC(=O)N1CCN(c2ccc(Oc3ncnc4c3cnn4C3CCN(C(=O)OC(C)(C)C)CC3)cc2)CC1,CC(C)(C)OC(=O)N1CCC(n2ncc3c(Cl)ncnc32)CC1.CC(=O)N1CCN(c2ccc(O)cc2)CC1,CC(C)(C)OC(=O)N1CCC(=O)CC1,False,False,True
28,O=[N+]([O-])c1cccc(-c2csc(NN=C3CCN(Cc4ccccc4)CC3)n2)c1,O=C(CBr)c1cccc([N+](=O)[O-])c1.NC(=S)NN=C1CCN(Cc2ccccc2)CC1,O=[N+]([O-])c1cccc(-c2csc(Cl)n2)c1.NN=C1CCN(Cc2ccccc2)CC1,False,False,True
29,OC(c1ccccc1)(c1ccccc1)C1CCN(CCNc2ncccn2)CC1,Clc1ncccn1.NCCN1CCC(C(O)(c2ccccc2)c2ccccc2)CC1,Clc1ncccn1.NCCN1CCC(C(O)(c2ccccc2)c2ccccc2)CC1,True,True,True
30,O=C(Nc1ccccc1NC(=O)c1ccc2c(Br)c[nH]c2c1)OCC1CCN(c2ccncc2)CC1,O=C(O)c1ccc2c(Br)c[nH]c2c1.Nc1ccccc1NC(=O)OCC1CCN(c2ccncc2)CC1,O=C(Cl)c1ccc2c(Br)c[nH]c2c1.Nc1ccccc1NC(=O)OCC1CCN(c2ccncc2)CC1,False,False,True
31,CCC1CNCCCN1,CCC1NCCCNC1=O,CCC1CN(C(=O)OC(C)(C)C)CCCN1,False,False,True
32,CN1Cc2c(N3CCN(C(=O)OC(C)(C)C)CC3)cccc2N(Cc2cccc(F)c2)C1=O,CN1Cc2c(Br)cccc2N(Cc2cccc(F)c2)C1=O.CC(C)(C)OC(=O)N1CCNCC1,Fc1cccc(CBr)c1.CN1Cc2c(cccc2N2CCN(C(=O)OC(C)(C)C)CC2)NC1=O,False,False,True
33,COC(=O)c1cc(Cn2ccnn2)ccc1OC,COC(=O)c1cc(CCl)ccc1OC.c1c[nH]nn1,COC(=O)c1cc(CBr)ccc1OC.c1cnncn1,False,False,True
34,N#Cc1cncc(-c2ccc3c(c2)C2(COC(N)=N2)[C@H]2CC(=O)CC[C@@H]2O3)c1,NC1=NC2(CO1)c1cc(Br)ccc1O[C@H]1CCC(=O)C[C@@H]12.CC1(C)OB(c2cncc(C#N)c2)OC1(C)C,CC(C)(C)OC(=O)NC1=C(c2cncc(C#N)c2)C2(O)CCC(=O)CC[C@H]12,False,False,True
35,CC(C)(C)OC(=O)N1CCC(CO)CC1,CC(C)(C)OC(=O)N1CCC(C(=O)O)CC1,CC(C)(C)OC(=O)N1CCC(C(=O)O)CC1,True,True,True
36,COC(=O)c1ccc(CCC(=O)c2cccnc2Nc2ccccc2)c(OC)c1,COC(=O)c1ccc(/C=C/C(=O)c2cccnc2Nc2ccccc2)c(OC)c1,COC(=O)c1ccc(Br)c(OC)c1.CON(C)C(=O)CCc1cccnc1Nc1ccccc1,False,False,True
37,Cc1cc(C[C@@H](O)C(=O)O)cc(Cl)c1OCc1ccccc1,Cc1cc(CC(=O)C(=O)O)cc(Cl)c1OCc1ccccc1,CCOC(=O)[C@@H](O)Cc1cc(C)c(OCc2ccccc2)c(Cl)c1,False,False,True
38,O=C1Nc2ccccc2/C1=C\c1ccc2[nH]nnc2c1,O=Cc1ccc2[nH]nnc2c1.O=C1Cc2ccccc2N1,O=Cc1ccc2[nH]nnc2c1.O=C1Cc2ccccc2N1,True,True,True
39,COc1cnc(Cn2ccnc2-c2ncccn2)c(OC)n1,COc1cnc(Cn2ccnc2-c2ncccn2)c(Cl)n1.C[O-],COc1cnc(CN=[N+]=[N-])c(OC)n1.C#Cc1ncccn1,False,False,True
40,CS(=O)(=O)Nc1ccc2c(c1)C(=O)CC1(CCN(CCc3ccc4nonc4c3)CC1)O2,BrCCc1ccc2nonc2c1.CS(=O)(=O)Nc1ccc2c(c1)C(=O)CC1(CCNCC1)O2,CS(N)(=O)=O,False,False,True
41,CC1(C)OB(c2c[nH]c3cc(C#N)ccc23)OC1(C)C,N#Cc1ccc2c(Br)c[nH]c2c1.CC1(C)OB(B2OC(C)(C)C(C)(C)O2)OC1(C)C,,False,False,False
42,CCOC(=O)NC(=S)Nc1cccc(I)c1,CCOC(=O)N=C=S.Nc1cccc(I)c1,CCOC(=O)Cl.N=S(N)c1cccc(I)c1,False,False,True
43,COc1nc(C)cnc1NS(=O)(=O)c1cccc(Cl)c1C,Cc1c(Cl)cccc1S(=O)(=O)Cl.COc1nc(C)cnc1N,Cc1c(Cl)cccc1S(=O)(=O)Cl.COc1nc(C)cnc1N,True,True,True
44,CC(C)(C)OC(=O)NC(C)(CO[C@](C)(C(N)=O)C(F)(F)F)c1cccc(Br)n1,CCOC(=O)[C@@](C)(OCC(C)(NC(=O)OC(C)(C)C)c1cccc(Br)n1)C(F)(F)F.N,CC(C)(C)OC(=O)NC(C)(CO[C@](C)(C(=O)O)C(F)(F)F)c1cccc(Br)n1.N,False,False,True
45,NCC1CCN(C(=O)Oc2ccc(Oc3ccc(C(F)(F)F)cn3)cc2)CC1,O=C(Cl)Oc1ccc(Oc2ccc(C(F)(F)F)cn2)cc1.NCC1CCNCC1,CC(C)(C)OC(=O)NCC1CCN(C(=O)Oc2ccc(Oc3ccc(C(F)(F)F)cn3)cc2)CC1,False,False,True
46,Cc1cc2nc(NC(=O)c3ccc(C(C)(C)O)cc3)cc(-c3ccccc3)n2n1,Cc1cc2nc(NC(=O)c3ccc(C(C)(C)O)cc3)cc(Cl)n2n1.OB(O)c1ccccc1,CC(C)(O)c1ccc(C(=O)Cl)cc1.Cc1cc2nc(N)cc(-c3ccccc3)n2n1,False,False,True
47,CCCc1cc(CC(=O)O)ccc1OC1COc2ccc(C(C)=O)c(O)c2C1,CCCc1cc(CC(=O)OC)ccc1OC1COc2ccc(C(C)=O)c(O)c2C1,CCCc1cc(CC(=O)OC)ccc1OC1COc2ccc(C(C)=O)c(O)c2C1,True,True,True
48,CC(C)(C)OC(=O)/C=C1/CCCN(C(=O)OC(C)(C)C)C1,COP(=O)(CC(=O)OC(C)(C)C)OC.CC(C)(C)OC(=O)N1CCCC(=O)C1,CCOP(=O)(CC(=O)OC(C)(C)C)OCC.CC(C)(C)OC(=O)N1CC=CCCC1,False,False,True
49,N#Cc1ccc2[nH]nc(-c3ccc4cc(OCCN5CCCC5)ccc4c3)c2c1,N#Cc1ccc2c(c1)c(-c1ccc3cc(OCCN4CCCC4)ccc3c1)nn2C1CCCCO1,,False,False,False
50,COc1cc(O)cc(Br)c1,COc1cc(Br)cc(OC)c1,COc1cc(Br)cc(OCc2ccccc2)c1,False,False,True
51,CC(C)c1nc(OCC(=O)N(C)C2CCN(Cc3ccccc3)CC2)nc(C(C)C)c1N,CCOC(=O)COc1nc(C(C)C)c(N)c(C(C)C)n1.CNC1CCN(Cc2ccccc2)CC1,CC(C)c1nc(OCC(=O)N(C)C2CCN(Cc3ccccc3)CC2)nc(C(C)C)c1[N+](=O)[O-],False,False,True
52,CCOC(=O)C(F)(F)C(O)c1ccccc1,CCOC(=O)C(F)(F)Br.O=Cc1ccccc1,CCOC(=O)C(F)(F)C(=O)c1ccccc1.[CH3][Mg+],False,False,True
53,NNc1nc(NCc2ccc(Cl)nc2)nc(Nc2ccc(F)c(C(F)(F)F)c2)n1,Fc1ccc(Nc2nc(Cl)nc(NCc3ccc(Cl)nc3)n2)cc1C(F)(F)F.NN,Fc1ccc(Nc2nc(Cl)nc(NCc3ccc(Cl)nc3)n2)cc1C(F)(F)F.NN,True,True,True
54,CC(=O)NCC1CN(c2ccc(N3CCN(C(=O)CCN4CCOCC4)CC3)c(F)c2)C(=O)O1,O=C(O)CCN1CCOCC1.CC(=O)NC[C@H]1CN(c2ccc(N3CCNCC3)c(F)c2)C(=O)O1,O=C(O)CCN1CCOCC1.CC(=O)NCC1CN(c2ccc(N3CCNCC3)c(F)c2)C(=O)O1,False,False,True
55,Cc1cc(CC(=O)O)n(C)c1C(=O)c1ccc(Cl)cc1Cl,CCOC(=O)Cc1cc(C)c(C(=O)c2ccc(Cl)cc2Cl)n1C,CCOC(=O)Cc1cc(C)c(C(=O)c2ccc(Cl)cc2Cl)n1C,True,True,True
56,NCc1ccc(I)c(O)c1,N#Cc1ccc(I)c(O)c1,N#Cc1ccc(I)c(O)c1,True,True,True
57,CCOc1cc(NCCSCc2[nH]cnc2C)nc2ccccc12,CCOc1cc(Cl)nc2ccccc12.Cc1nc[nH]c1CSCCN,CCOc1cc(NCCS)nc2ccccc12,False,False,True
58,COc1ccc(C(=O)c2ccccn2)c(Cl)c1Cl,COc1ccc(C(O)c2ccccn2)c(Cl)c1Cl,O=C(Cl)c1ccccn1.COc1cc[c]([Mg+])c(Cl)c1Cl,False,False,True
59,O=C(NCC(=O)N1CCC(Oc2cccc(C(F)(F)F)c2)CC1)c1cc(-c2ccc(O)cc2)on1,O=C(O)c1cc(-c2ccc(O)cc2)on1.NCC(=O)N1CCC(Oc2cccc(C(F)(F)F)c2)CC1,COc1ccc(-c2cc(C(=O)NCC(=O)N3CCC(Oc4cccc(C(F)(F)F)c4)CC3)no2)cc1,False,False,True
60,CCOC(=O)NCCN1CCC(Nc2nc3ccccc3n2Cc2cscn2)CC1,CCOC(=O)NCCCl.c1ccc2c(c1)nc(NC1CCNCC1)n2Cc1cscn1,ClCc1cscn1.CCOC(=O)NCCN1CCC(Nc2nc3ccccc3[nH]2)CC1,False,False,True
61,Cc1ccc(CC(C)NCC(O)c2ccccc2)cc1,CC(=O)Cc1ccc(C)cc1.NCC(O)c1ccccc1,O=C(CCl)c1ccccc1.CNC(C)Cc1ccc(C)cc1,False,False,True
62,CCCN1CCC2CC(=O)c3c(C)cc(C)cc3C2C1,CCCBr.Cc1cc(C)c2c(c1)C1CNCCC1CC2=O,CCCN1CCC2CC(=O)c3c(C)cc(C)cc3C2C1C(=O)OC(C)(C)C,False,False,True
63,Cc1ccc(-c2cc(Br)ccc2OCc2ccc(Cl)c(Cl)c2)n1-c1cccc(C(=O)O)c1,CCOC(=O)c1cccc(-n2c(C)ccc2-c2cc(Br)ccc2OCc2ccc(Cl)c(Cl)c2)c1,CCOC(=O)c1cccc(-n2c(C)ccc2-c2cc(Br)ccc2OCc2ccc(Cl)c(Cl)c2)c1,True,True,True
64,Cc1c(C(=O)NC2C3CCC(C)(C2O)C3(C)C)cc(-c2cc(C(F)(F)F)ccc2C(F)(F)F)n1C[C@H]1CCCO1,CC(=O)OC1C(NC(=O)c2cc(-c3cc(C(F)(F)F)ccc3C(F)(F)F)n(C[C@H]3CCCO3)c2C)C2CCC1(C)C2(C)C,Cc1c(C(=O)NC2C3CCC(C)(C2O)C3(C)C)cc(Br)n1C[C@H]1CCCO1.OB(O)c1cc(C(F)(F)F)ccc1C(F)(F)F,False,False,True
65,C[C@@H]1CCCN1CCc1ccc(-c2ccc3c(c2)CN(C(=O)CO)C3)cc1,O=C(O)CO.C[C@@H]1CCCN1CCc1ccc(-c2ccc3c(c2)CNC3)cc1,C[C@@H]1CCCN1CCc1ccc(-c2ccc3c(c2)CN(C(=O)COCc2ccccc2)C3)cc1,False,False,True
66,CC(CO)(CO)NS(=O)(=O)c1cc(NC(=O)c2cnn3c(C(F)(F)F)cc(-c4ccc(C(F)(F)F)cc4)nc23)c(Cl)s1,O=C(O)c1cnn2c(C(F)(F)F)cc(-c3ccc(C(F)(F)F)cc3)nc12.CC(CO)(CO)NS(=O)(=O)c1cc(N)c(Cl)s1,O=C(O)c1cnn2c(C(F)(F)F)cc(-c3ccc(C(F)(F)F)cc3)nc12.CC(CO)(CO)NS(=O)(=O)c1cc(N)c(Cl)s1,True,True,True
67,CC1OC(C)(C)OC1C(=O)O,COC(=O)C1OC(C)(C)OC1C,CCOC(=O)C1(C(=O)O)OC(C)(C)OC1C,False,False,True
68,CCCCc1nc(C)n(-c2cccc(OCCO[Si](C)(C)C(C)(C)C)c2)c(=O)c1Cc1ccc(-c2ccccc2C#N)cc1,CC(C)(C)[Si](C)(C)OCCBr.CCCCc1nc(C)n(-c2cccc(O)c2)c(=O)c1Cc1ccc(-c2ccccc2C#N)cc1,CCCCc1nc(C)n(-c2cccc(OCCO[Si](C)(C)C(C)(C)C)c2)c(=O)c1Cc1ccc(Br)cc1.N#Cc1ccccc1B(O)O,False,False,True
69,COc1ccc(-n2c(C(=O)N3CCC(F)(F)CC3)cc3cc(C(=O)N4CCN(C(C)C)CC4)ccc32)cc1,COc1ccc(B(O)O)cc1.CC(C)N1CCN(C(=O)c2ccc3[nH]c(C(=O)N4CCC(F)(F)CC4)cc3c2)CC1,COc1ccc(-n2c(C(=O)O)cc3cc(C(=O)N4CCN(C(C)C)CC4)ccc32)cc1.FC1(F)CCNCC1,False,False,True
70,Cc1c(N(Cc2ccc(C#N)cc2)Cc2ccc(Oc3cccc(OCCc4cccs4)c3)cc2)cccc1[N+](=O)[O-],CS(=O)(=O)OCCc1cccs1.Cc1c(N(Cc2ccc(C#N)cc2)Cc2ccc(Oc3cccc(O)c3)cc2)cccc1[N+](=O)[O-],N#Cc1ccc(CBr)cc1.Cc1c(NCc2ccc(Oc3cccc(OCCc4cccs4)c3)cc2)cccc1[N+](=O)[O-],False,False,True
71,COC(=O)C(C)Oc1cc(-n2nc(C)n(C(F)F)c2=O)c(F)cc1Cl,COC(=O)C(C)Br.Cc1nn(-c2cc(O)c(Cl)cc2F)c(=O)n1C(F)F,COC(=O)C(C)Br.Cc1nn(-c2cc(O)c(Cl)cc2F)c(=O)n1C(F)F,True,True,True
72,O=Cc1ccc(OC(=O)c2ccccc2)c([N+](=O)[O-])c1,O=C(Cl)c1ccccc1.O=Cc1ccc(O)c([N+](=O)[O-])c1,O=C(Cl)c1ccccc1.O=Cc1ccc(O)c([N+](=O)[O-])c1,True,True,True
73,COc1ncc(Cl)cc1CN1CCC(/C=C/c2ccccc2F)CC1,COc1ncc(Cl)cc1C=O.Fc1ccccc1/C=C/C1CCNCC1,COc1ncc(Cl)cc1C=O.Fc1ccccc1C=C1CCNCC1,False,False,True
74,CN(C)Cc1cc(N2C3CCC2COC3)nc(-c2ccc(NC(=O)NC3CC3)cc2)n1,CC1(C)OB(c2ccc(NC(=O)NC3CC3)cc2)OC1(C)C.CN(C)Cc1cc(N2C3CCC2COC3)nc(Cl)n1,CN(C)Cc1cc(N2C3CCC2COC3)nc(-c2ccc(N)cc2)n1.O=C=NC1CC1,False,False,True
75,N#Cc1ncc(Sc2ccccn2)cc1Oc1ccc(F)cc1,N#Cc1ncc(Br)cc1Oc1ccc(F)cc1.Sc1ccccn1,N#Cc1ncc(Cl)cc1Oc1ccc(F)cc1.Sc1ccccn1,False,False,True
76,COc1cccc2o[c]([Sn]([CH3])([CH3])[CH3])cc12,[CH3][Sn]([CH3])([CH3])[Cl].COc1cccc2occc12,CI,False,False,True
77,CCn1cc(-c2ccc(Cl)cc2Cl)nc1/C=C/c1ccc(-c2ccc(OCCCC(=O)OC)cc2)cc1,COC(=O)CCCBr.CCn1cc(-c2ccc(Cl)cc2Cl)nc1/C=C/c1ccc(-c2ccc(O)cc2)cc1,[CH3][Mg+],False,False,True
78,CCCCCCC(C)NC(=O)CCCc1ccccc1,O=C(Cl)CCCc1ccccc1.CCCCCCC(C)N,O=C(O)CCCc1ccccc1.CCCCCCC(C)N,False,False,True
79,Cc1[nH]cc2c(=O)n(-c3ccc(Cl)cc3)nc-2c1-c1cccc(C(=O)N2CCCC2)c1,Cc1[nH]cc2c(=O)n(-c3ccc(Cl)cc3)nc-2c1-c1cccc(C(=O)O)c1.C1CCNC1,Cc1[nH]cc2c(=O)n(-c3ccc(Cl)cc3)nc-2c1-c1cccc(C(=O)O)c1.C1CCNC1,True,True,True
80,CC(C)OP(=O)(Cc1ccc([N+](=O)[O-])cc1)OC(C)C,O=[N+]([O-])c1ccc(CBr)cc1.CC(C)OP(OC(C)C)OC(C)C,O=[N+]([O-])c1ccc(CBr)cc1.CC(C)OP(O)OC(C)C,False,False,True
81,O=C(NC[C@H](O)C(=O)O)c1ncc2cc(Oc3ccccc3)ccc2c1O,COC(=O)c1ncc2cc(Oc3ccccc3)ccc2c1O.NC[C@H](O)C(=O)O,CCOC(=O)[C@@H](CN=C=O)c1ncc2cc(Oc3ccccc3)ccc2c1O,False,False,True
82,O=[N+]([O-])c1ccc(F)c(F)c1OCc1ccccc1,BrCc1ccccc1.O=[N+]([O-])c1ccc(F)c(F)c1O,BrCc1ccccc1.O=[N+]([O-])c1ccc(F)c(F)c1O,True,True,True
83,c1ccc(N2CCN(CCCCc3cccnc3)CC2)nc1,O=C(CCCN1CCN(c2ccccn2)CC1)c1cccnc1,ClCCCCc1cccnc1,False,False,True
84,C=CCOc1ccc(C#N)cc1,C=CCBr.N#Cc1ccc(O)cc1,C=CCBr.N#Cc1ccc(O)cc1,True,True,True
85,OCc1ccc2cn(-c3ccc(C(F)(F)F)cc3)nc2c1,COC(=O)c1ccc2cn(-c3ccc(C(F)(F)F)cc3)nc2c1,O=C(O)c1ccc2cn(-c3ccc(C(F)(F)F)cc3)nc2c1,False,False,True
86,N#CCc1ccc(N)c(Cl)c1Br,N#CCc1ccc([N+](=O)[O-])c(Cl)c1Br,N#CCc1ccc([N+](=O)[O-])c(Cl)c1Br,True,True,True
87,O=C(O)CCc1ccc(F)c(NC(=O)c2cc(-c3cccc(F)c3)cc3ccccc23)c1,CCOC(=O)CCc1ccc(F)c(NC(=O)c2cc(-c3cccc(F)c3)cc3ccccc23)c1,CCOC(=O)CCc1ccc(F)c(NC(=O)c2cc(-c3cccc(F)c3)cc3ccccc23)c1,True,True,True
88,COC(=O)CCCc1ccc(I)cc1,CO.O=C(O)CCCc1ccc(I)cc1,COC(=O)CCCI.OB(O)c1ccc(I)cc1,False,False,True
89,O=C(O)c1ccc2cc(-c3ccccc3)oc2c1,COC(=O)c1ccc2cc(-c3ccccc3)oc2c1,COC(=O)c1ccc2cc(-c3ccccc3)oc2c1,True,True,True
90,Nc1nc(NCc2ccc3c(c2)OCO3)c2cc(Cl)ccc2n1,Clc1ccc2nc(Cl)nc(NCc3ccc4c(c3)OCO4)c2c1.N,O=[N+]([O-])c1nc(NCc2ccc3c(c2)OCO3)c2cc(Cl)ccc2n1,False,False,True
91,CC(C)(C)OC(=O)N1CCN(c2ncnc3[nH]cc(-c4ccccc4Cl)c23)CC1,Clc1ccccc1-c1c[nH]c2ncnc(Cl)c12.CC(C)(C)OC(=O)N1CCNCC1,Clc1cc(-c2ccccc2Cl)c2[nH]cnc2n1.CC(C)(C)OC(=O)N1CCNCC1,False,False,True
92,COC(=O)NC(C)(CO)CCc1cccs1,CCOC(=O)C(C)(CCc1cccs1)NC(=O)OC,COC(=O)NC(C)(C#Cc1cccs1)CCc1cccs1,False,False,True
93,O=S(=O)(NCCCCO)c1ccc(-c2ccc(C(F)(F)F)cc2)c(F)c1,O=S(=O)(NCCCCO)c1ccc(Br)c(F)c1.OB(O)c1ccc(C(F)(F)F)cc1,O=S(=O)(NCCCCO)c1ccc(Br)c(F)c1.OB(O)c1ccc(C(F)(F)F)cc1,True,True,True
94,c1ccc(-c2nnn(C3CCCCO3)n2)c(-c2ccc(COC3CCCCO3)cc2)c1,Clc1ccccc1-c1nnn(C2CCCCO2)n1.[Mg+][c]1ccc(COC2CCCCO2)cc1,C#CC(c1ccccc1)c1ccc(COC2CCCCO2)cc1.C#CN1CCCCO1,False,False,True
95,CC(=O)N[C@H]1CCCN(C(=O)c2ccc(Br)cc2NC2(Cc3cccc(Cl)c3)C(=O)Nc3cc(Cl)ccc32)C1,O=C(O)c1ccc(Br)cc1NC1(Cc2cccc(Cl)c2)C(=O)Nc2cc(Cl)ccc21.CC(=O)N[C@H]1CCCNC1,O=C(O)c1ccc(Br)cc1NC1(Cc2cccc(Cl)c2)C(=O)Nc2cc(Cl)ccc21.CC(=O)N[C@H]1CCCNC1,True,True,True
96,CN(C(=O)c1ccc(-n2cccn2)cc1)[C@@H]1CCNC1,CN(C(=O)c1ccc(-n2cccn2)cc1)[C@@H]1CCN(C(=O)OC(C)(C)C)C1,CN(C(=O)c1ccc(-n2cccn2)cc1)[C@@H]1CCN(C(=O)OC(C)(C)C)C1,True,True,True
97,CC(F)(F)CCCCn1cc(NC(=O)c2ncoc2-c2ccccc2)cn1,O=C(O)c1ncoc1-c1ccccc1.CC(F)(F)CCCCn1cc(N)cn1,O=C(O)c1ncoc1-c1ccccc1.CC(F)(F)CCCCn1cc(N)cn1,True,True,True
98,CCCOc1cc(F)cc(C[C@H](NC(C)=O)[C@H](O)[C@H]2CO[C@@H](OCC(C)(C)C)[C@H](C)N2C(=O)OC(C)(C)C)c1,CC(=O)OC(C)=O.CCCOc1cc(F)cc(CC(N)C(O)[C@H]2CO[C@@H](OCC(C)(C)C)[C@H](C)N2C(=O)OC(C)(C)C)c1,CC(C)(C)CO[C@@H]1CO[C@H](C[C@@H](O)[C@H](O)C(=O)N[C@@H](Cc2cc(F)cc(F)c2)C(=O)OC(C)(C)C)N(C(=O)OC(C)(C)C)C1.CCCI,False,False,True
99,COC(=O)c1ccc([C@H](C)NC(=O)c2cc(Cl)ccc2Oc2cccc(C)c2)cc1,Cc1cccc(Oc2ccc(Cl)cc2C(=O)O)c1.COC(=O)c1ccc([C@H](C)N)cc1,Cc1cccc(Oc2ccc(Cl)cc2C(=O)O)c1.COC(=O)c1ccc([C@H](C)N)cc1,True,True,True
